City_ID,City,Country,Date,Lat,Lng,Max Temp,Humidity,Cloudiness,Wind Speed
0,Taltal,CL,2022-07-14 00:37:53,-25.4,-70.4833,54.75,80,24,4.34
1,Qaanaaq,GL,2022-07-14 00:37:53,77.484,-69.3632,38.79,96,100,6.49
2,Avarua,CK,2022-07-14 00:37:54,-21.2078,-159.775,75.25,64,75,14.97
3,Key West,US,2022-07-14 00:34:09,24.5557,-81.7826,91.4,63,0,3.44
4,Vaini,TO,2022-07-14 00:37:54,-21.2,-175.2,76.93,85,21,20.31
5,General Roca,AR,2022-07-14 00:37:54,-39.0333,-67.5833,40.62,90,100,13.24
6,Pachino,IT,2022-07-14 00:37:55,36.7186,15.0907,73.9,67,0,2.75
7,Puerto Ayora,EC,2022-07-14 00:37:55,-0.7393,-90.3518,68.56,97,44,4.0
8,Muli,MV,2022-07-14 00:37:55,2.9167,73.5667,83.17,73,32,12.1
9,Keningau,MY,2022-07-14 00:37:56,5.3378,116.1602,76.48,83,97,1.34
10,Hobart,AU,2022-07-14 00:37:56,-42.8794,147.3294,49.05,81,40,11.5
11,Katsuura,JP,2022-07-14 00:37:56,35.1333,140.3,76.68,88,100,14.63
12,Bengkulu,ID,2022-07-14 00:37:57,-3.8004,102.2655,77.74,87,56,2.91
13,Punta Arenas,CL,2022-07-14 00:37:57,-53.15,-70.9167,37.51,81,100,17.27
14,Burnie,AU,2022-07-14 00:37:57,-41.0667,145.9167,49.95,65,48,0.34
15,Ostrovnoy,RU,2022-07-14 00:37:58,68.0531,39.5131,61.77,88,7,7.7
16,Cabedelo,BR,2022-07-14 00:37:58,-6.9811,-34.8339,74.07,85,31,10.98
17,High Level,CA,2022-07-14 00:37:58,58.5169,-117.136,57.31,67,75,6.91
18,Talcahuano,CL,2022-07-14 00:35:16,-36.7167,-73.1167,42.48,87,40,5.75
19,Khatanga,RU,2022-07-14 00:37:59,71.9667,102.5,44.83,79,100,9.22
20,Rikitea,PF,2022-07-14 00:37:59,-23.1203,-134.9692,70.14,81,98,9.28
21,New Norfolk,AU,2022-07-14 00:37:59,-42.7826,147.0587,48.7,73,100,3.2
22,Castro,BR,2022-07-14 00:38:00,-24.7911,-50.0119,52.79,96,100,8.63
23,Quimper,FR,2022-07-14 00:38:00,48.0,-4.1,63.18,72,0,8.05
24,Ushuaia,AR,2022-07-14 00:38:00,-54.8,-68.3,35.26,80,40,8.05
25,Urusha,RU,2022-07-14 00:38:01,54.05,122.9,69.71,76,100,4.23
26,Jamestown,US,2022-07-14 00:33:29,42.097,-79.2353,69.39,68,100,6.91
27,Cape Town,ZA,2022-07-14 00:37:57,-33.9258,18.4232,57.88,94,75,17.27
28,Bredasdorp,ZA,2022-07-14 00:38:01,-34.5322,20.0403,59.2,76,95,16.6
29,Tautira,PF,2022-07-14 00:38:02,-17.7333,-149.15,76.86,70,97,17.09
30,Torbay,CA,2022-07-14 00:38:02,47.6666,-52.7314,66.97,88,75,18.41
31,Mataura,NZ,2022-07-14 00:38:02,-46.1927,168.8643,46.47,89,41,5.01
32,Upernavik,GL,2022-07-14 00:38:03,72.7868,-56.1549,40.73,87,95,13.04
33,Rodbyhavn,DK,2022-07-14 00:38:03,54.6544,11.352,55.11,73,10,18.84
34,Nouadhibou,MR,2022-07-14 00:38:03,20.931,-17.0347,69.78,88,49,18.41
35,Diego De Almagro,CL,2022-07-14 00:38:04,-26.3667,-70.05,48.47,80,10,3.65
36,Busselton,AU,2022-07-14 00:38:04,-33.65,115.3333,60.87,88,100,15.21
37,Doha,QA,2022-07-14 00:38:04,25.2867,51.5333,91.29,77,3,2.3
38,Airai,TL,2022-07-14 00:38:05,-8.9266,125.4092,62.78,64,99,4.29
39,Basco,PH,2022-07-14 00:38:05,20.4487,121.9702,84.65,74,56,8.43
40,Hermanus,ZA,2022-07-14 00:36:18,-34.4187,19.2345,60.8,86,83,16.31
41,Tabuk,PH,2022-07-14 00:38:05,17.4189,121.4443,83.84,75,100,4.52
42,Los Llanos De Aridane,ES,2022-07-14 00:38:06,28.6585,-17.9182,65.95,70,0,5.75
43,Forbes,AU,2022-07-14 00:38:06,-33.3833,148.0167,48.52,60,0,5.28
44,Bocana De Paiwas,NI,2022-07-14 00:38:06,12.7857,-85.1227,73.71,96,100,8.39
45,Springbok,ZA,2022-07-14 00:38:07,-29.6643,17.8865,43.7,52,0,3.49
46,Palana,RU,2022-07-14 00:38:07,59.1167,159.9667,60.19,64,7,16.98
47,Shitanjing,CN,2022-07-14 00:39:07,39.2342,106.3439,78.19,52,99,7.7
48,Ola,RU,2022-07-14 00:39:08,59.5833,151.2833,80.15,81,94,7.23
49,Jumla,NP,2022-07-14 00:39:04,29.2747,82.1838,64.29,83,78,2.44
50,East London,ZA,2022-07-14 00:39:08,-33.0153,27.9116,57.99,73,0,9.42
51,Chokurdakh,RU,2022-07-14 00:39:08,70.6333,147.9167,53.94,45,3,10.31
52,Labuhan,ID,2022-07-14 00:39:09,-6.8844,112.2051,77.43,87,100,6.2
53,Port Alfred,ZA,2022-07-14 00:39:09,-33.5906,26.891,55.18,76,0,5.01
54,Farafangana,MG,2022-07-14 00:39:09,-22.8167,47.8333,66.61,87,93,6.08
55,Pacific Grove,US,2022-07-14 00:39:10,36.6177,-121.9166,74.55,80,40,11.5
56,Isangel,VU,2022-07-14 00:39:10,-19.55,169.2667,82.51,83,75,6.91
57,Bandarbeyla,SO,2022-07-14 00:39:10,9.4942,50.8122,78.89,68,100,24.92
58,San Carlos De Bariloche,AR,2022-07-14 00:39:11,-41.1456,-71.3082,29.95,80,75,5.75
59,Kapoeta,SS,2022-07-14 00:39:11,4.7717,33.5903,74.03,67,75,2.04
60,Smithers,CA,2022-07-14 00:39:11,54.7804,-127.1743,61.12,59,75,5.75
61,Butaritari,KI,2022-07-14 00:39:12,3.0707,172.7902,82.69,78,6,17.43
62,Balkanabat,TM,2022-07-14 00:39:12,39.5108,54.3671,88.07,21,0,6.76
63,Srednekolymsk,RU,2022-07-14 00:39:12,67.45,153.6833,66.04,46,61,13.65
64,Deputatskiy,RU,2022-07-14 00:39:13,69.3,139.9,49.57,69,100,4.45
65,Mount Isa,AU,2022-07-14 00:39:13,-20.7333,139.5,56.97,41,0,14.97
66,Garissa,KE,2022-07-14 00:39:13,-0.4536,39.6401,74.68,71,90,19.89
67,Talnakh,RU,2022-07-14 00:39:14,69.4865,88.3972,56.21,48,66,1.79
68,Arlit,NE,2022-07-14 00:39:14,18.7369,7.3853,92.64,16,98,14.23
69,Georgetown,MY,2022-07-14 00:35:39,5.4112,100.3354,80.89,95,20,2.3
70,Cascais,PT,2022-07-14 00:39:14,38.6979,-9.4215,85.35,50,94,8.01
71,Paka,MY,2022-07-14 00:39:15,4.6374,103.4368,76.98,100,40,0.0
72,Ponta Delgada,PT,2022-07-14 00:38:41,37.7333,-25.6667,68.5,82,75,4.61
73,Beloha,MG,2022-07-14 00:39:15,-25.1667,45.05,60.75,66,0,6.96
74,Port Elizabeth,ZA,2022-07-14 00:39:15,-33.918,25.5701,61.09,62,0,16.11
75,Atuona,PF,2022-07-14 00:39:16,-9.8,-139.0333,77.77,74,30,19.66
76,Pochutla,MX,2022-07-14 00:39:16,15.7432,-96.4661,85.82,86,100,1.72
77,Saldanha,ZA,2022-07-14 00:39:16,-33.0117,17.9442,53.65,93,100,9.89
78,Hilo,US,2022-07-14 00:35:59,19.7297,-155.09,83.28,94,100,11.5
79,Mahebourg,MU,2022-07-14 00:39:17,-20.4081,57.7,68.29,83,75,14.97
80,San Ramon,US,2022-07-14 00:39:17,37.7799,-121.978,87.6,52,0,18.41
81,Kavieng,PG,2022-07-14 00:39:18,-2.5744,150.7967,84.07,70,100,6.06
82,Shimoda,JP,2022-07-14 00:35:13,34.6667,138.95,77.36,85,93,12.17
83,Azul,AR,2022-07-14 00:39:18,-36.777,-59.8585,51.35,62,100,7.99
84,Porto Seguro,BR,2022-07-14 00:39:19,-16.4497,-39.0647,72.12,88,40,2.3
85,Bethel,US,2022-07-14 00:37:18,41.3712,-73.414,80.96,70,83,1.48
86,Tuatapere,NZ,2022-07-14 00:39:19,-46.1333,167.6833,45.14,83,83,8.97
87,Kimbe,PG,2022-07-14 00:39:19,-5.5502,150.1429,90.1,55,100,6.4
88,San Quintin,MX,2022-07-14 00:39:20,30.4833,-115.95,67.96,77,23,14.14
89,Ouegoa,NC,2022-07-14 00:39:20,-20.35,164.4333,74.08,66,89,12.39
90,Cidreira,BR,2022-07-14 00:37:39,-30.1811,-50.2056,57.87,80,0,21.25
91,Itoman,JP,2022-07-14 00:39:20,26.1247,127.6694,87.82,79,75,4.61
92,Puerto Colombia,CO,2022-07-14 00:40:21,10.9878,-74.9547,82.49,85,19,18.41
93,Mar Del Plata,AR,2022-07-14 00:36:52,-38.0023,-57.5575,51.1,82,0,13.0
94,Tiksi,RU,2022-07-14 00:40:21,71.6872,128.8694,40.05,91,92,8.19
95,El Porvenir,HN,2022-07-14 00:40:21,13.7617,-87.3458,72.73,85,78,4.83
96,Yellowknife,CA,2022-07-14 00:40:22,62.456,-114.3525,64.92,63,75,10.36
97,Kloulklubed,PW,2022-07-14 00:40:22,7.0419,134.2556,81.1,72,20,5.59
98,Lompoc,US,2022-07-14 00:40:22,34.6391,-120.4579,83.01,57,0,14.97
99,Bardiyah,LY,2022-07-14 00:40:23,31.7561,25.0865,75.69,65,0,11.39
100,Cerna,RO,2022-07-14 00:40:23,45.0833,28.3167,62.53,54,0,6.6
101,Ixtapa,MX,2022-07-14 00:40:23,20.7,-105.2,85.23,74,75,6.91
102,San Cristobal,VE,2022-07-14 00:40:24,7.7669,-72.225,75.38,88,77,2.55
103,Dunedin,NZ,2022-07-14 00:40:24,-45.8742,170.5036,50.81,72,100,11.01
104,Carnarvon,AU,2022-07-14 00:40:24,-24.8667,113.6333,68.68,76,0,9.84
105,Saint-Philippe,RE,2022-07-14 00:40:25,-21.3585,55.7679,65.79,80,68,11.01
106,Mahajanga,MG,2022-07-14 00:40:25,-15.7167,46.3167,71.62,64,40,2.3
107,Alyangula,AU,2022-07-14 00:40:25,-13.8483,136.4192,72.41,57,66,18.86
108,Swan River,CA,2022-07-14 00:40:26,52.1058,-101.2676,82.29,47,6,6.91
109,Ahuimanu,US,2022-07-14 00:40:26,21.4447,-157.8378,87.51,83,75,18.41
110,Sao Joao Da Barra,BR,2022-07-14 00:40:26,-21.6403,-41.0511,69.73,93,43,7.47
111,Dano,BF,2022-07-14 00:40:27,11.15,-3.0667,78.08,69,100,4.76
112,Arraial Do Cabo,BR,2022-07-14 00:40:27,-22.9661,-42.0278,71.56,88,40,6.91
113,Ossora,RU,2022-07-14 00:40:27,59.2353,163.0719,73.31,64,47,4.9
114,Turan,VN,2022-07-14 00:40:27,16.0678,108.2208,87.78,70,20,0.0
115,Broome,US,2022-07-14 00:40:28,42.2506,-75.833,69.57,93,23,1.01
116,Albany,US,2022-07-14 00:40:28,42.6001,-73.9662,77.65,94,100,3.71
117,Harlingen,US,2022-07-14 00:39:03,26.1906,-97.6961,89.69,73,0,17.27
118,Pokrovsk,UA,2022-07-14 00:40:29,48.282,37.1758,59.07,65,94,3.11
119,Oussouye,SN,2022-07-14 00:40:29,12.485,-16.5469,80.69,87,100,5.41
120,San Andres,CO,2022-07-14 00:40:07,12.5847,-81.7006,82.42,83,75,12.66
121,Homer,US,2022-07-14 00:40:29,59.6425,-151.5483,62.04,72,0,12.66
122,Poum,NC,2022-07-14 00:40:30,-20.2333,164.0167,74.66,62,100,17.11
123,Norman Wells,CA,2022-07-14 00:40:30,65.282,-126.8329,53.64,94,100,11.5
124,San Patricio,US,2022-07-14 00:40:30,28.017,-97.5169,92.17,55,1,15.68
125,Lebu,CL,2022-07-14 00:40:31,-37.6167,-73.65,43.81,77,32,3.47
126,Kuybysheve,UA,2022-07-14 00:40:31,47.358,36.6491,59.59,61,84,8.37
127,Bara,NG,2022-07-14 00:40:31,10.3744,10.7288,74.64,88,100,5.17
128,Lorengau,PG,2022-07-14 00:40:32,-2.0226,147.2712,85.33,67,26,6.62
129,Ivanovka,KG,2022-07-14 00:40:32,42.8878,75.085,69.73,42,0,3.11
130,Saint-Pierre,RE,2022-07-14 00:40:33,-21.3393,55.4781,66.9,80,75,5.75
131,Santa Cruz,BO,2022-07-14 00:40:33,-17.8,-63.1667,69.26,73,75,14.97
132,Wamba,NG,2022-07-14 00:40:33,8.9333,8.6,70.75,90,100,1.41
133,Sinnamary,GF,2022-07-14 00:40:34,5.3833,-52.95,76.28,89,100,3.24
134,Divnomorskoye,RU,2022-07-14 00:40:34,44.5011,38.1353,67.37,67,11,5.12
135,Klaksvik,FO,2022-07-14 00:40:34,62.2266,-6.589,49.12,89,100,4.38
136,Saint-Augustin,CA,2022-07-14 00:40:35,51.226,-58.6502,52.86,72,100,14.88
137,Verkhoyansk,RU,2022-07-14 00:41:35,67.5447,133.385,64.76,54,23,5.48
138,Grindavik,IS,2022-07-14 00:41:35,63.8424,-22.4338,48.15,87,75,8.05
139,Hambantota,LK,2022-07-14 00:41:36,6.1241,81.1185,79.14,89,20,10.36
140,Bathsheba,BB,2022-07-14 00:41:36,13.2167,-59.5167,81.21,86,20,14.97
141,Taoudenni,ML,2022-07-14 00:41:36,22.6783,-3.9836,99.45,16,46,7.67
142,Bonoua,CI,2022-07-14 00:41:36,5.2741,-3.595,76.62,88,100,6.67
143,Provideniya,RU,2022-07-14 00:41:37,64.3833,-173.3,55.51,76,75,11.18
144,Pangnirtung,CA,2022-07-14 00:41:37,66.1451,-65.7125,46.45,84,92,3.02
145,Faanui,PF,2022-07-14 00:41:37,-16.4833,-151.75,78.26,71,78,20.11
146,Yar-Sale,RU,2022-07-14 00:41:38,66.8333,70.8333,55.58,79,77,6.96
147,Hamilton,US,2022-07-14 00:38:05,39.1834,-84.5333,83.25,59,20,11.5
148,Sitka,US,2022-07-14 00:41:38,57.0531,-135.33,57.09,77,100,9.22
149,Hithadhoo,MV,2022-07-14 00:41:38,-0.6,73.0833,83.08,74,26,13.0
150,Dvinskoy,RU,2022-07-14 00:41:39,62.1535,45.1175,64.18,99,100,3.27
151,Mount Gambier,AU,2022-07-14 00:41:39,-37.8333,140.7667,52.7,73,100,2.26
152,Yeppoon,AU,2022-07-14 00:41:39,-23.1333,150.7333,56.98,50,0,16.2
153,Kindersley,CA,2022-07-14 00:41:40,51.4668,-109.1682,75.22,73,75,4.61
154,Cap-Aux-Meules,CA,2022-07-14 00:41:40,47.3821,-61.8597,62.65,67,75,10.36
155,Dikson,RU,2022-07-14 00:41:40,73.5069,80.5464,44.71,70,98,4.29
156,Fershampenuaz,RU,2022-07-14 00:41:41,53.5202,59.8117,64.65,88,11,6.78
157,Nikolskoye,RU,2022-07-14 00:41:41,59.7035,30.7861,63.81,85,15,5.14
158,Trincomalee,LK,2022-07-14 00:41:41,8.5711,81.2335,80.71,74,100,23.51
159,Svetlyy,RU,2022-07-14 00:41:42,54.675,20.1347,63.97,82,0,17.29
160,Wuda,CN,2022-07-14 00:41:42,39.4994,106.7117,83.03,45,100,7.92
161,Bluff,NZ,2022-07-14 00:41:42,-46.6,168.3333,46.8,75,74,12.91
162,Vodnyy,RU,2022-07-14 00:41:43,63.5046,53.4095,68.76,74,18,3.98
163,Leningradskiy,RU,2022-07-14 00:41:43,69.3833,178.4167,40.66,77,93,9.91
164,Saskylakh,RU,2022-07-14 00:41:43,71.9167,114.0833,47.8,58,100,10.27
165,Port Said,EG,2022-07-14 00:36:51,31.2565,32.2841,77.95,72,0,13.62
166,Severo-Kurilsk,RU,2022-07-14 00:38:59,50.6789,156.125,55.22,91,100,3.11
167,Abu Dhabi,AE,2022-07-14 00:40:56,24.4667,54.3667,93.31,84,0,9.22
168,Renningen,DE,2022-07-14 00:41:44,48.7667,8.9333,67.77,50,81,2.91
169,Esperance,AU,2022-07-14 00:41:21,-33.8667,121.9,61.43,44,75,22.86
170,Ahipara,NZ,2022-07-14 00:41:44,-35.1667,173.1667,56.16,95,100,7.49
171,Codrington,AU,2022-07-14 00:41:45,-38.2667,141.9667,52.18,75,100,7.05
172,Concepcion Del Oro,MX,2022-07-14 00:41:45,24.6333,-101.4167,75.16,34,87,20.13
173,Oistins,BB,2022-07-14 00:41:46,13.0667,-59.5333,80.69,78,20,14.97
174,Gimli,CA,2022-07-14 00:41:46,50.6336,-96.9907,77.02,50,10,4.61
175,Ribeira Grande,PT,2022-07-14 00:41:46,38.5167,-28.7,72.0,78,40,8.05
176,Vostok,RU,2022-07-14 00:41:47,46.4856,135.8833,72.14,71,98,7.4
177,Guanica,PR,2022-07-14 00:37:45,17.9716,-66.908,79.05,89,99,8.99
178,Tuktoyaktuk,CA,2022-07-14 00:41:47,69.4541,-133.0374,41.0,93,100,16.11
179,Tambo Grande,PE,2022-07-14 00:41:47,-4.9269,-80.3447,71.74,59,20,12.75
180,Ayan,RU,2022-07-14 00:41:48,56.45,138.1667,59.77,94,100,8.81
181,Acari,PE,2022-07-14 00:41:48,-15.4311,-74.6158,60.93,75,27,2.93
182,Samarai,PG,2022-07-14 00:42:48,-10.6167,150.6667,77.83,81,100,20.11
183,Hasaki,JP,2022-07-14 00:39:15,35.7333,140.8333,79.2,83,100,12.59
184,Westport,US,2022-07-14 00:42:36,41.1415,-73.3579,82.22,60,0,12.66
185,Salekhard,RU,2022-07-14 00:42:49,66.53,66.6019,64.44,81,24,3.98
186,Itacoatiara,BR,2022-07-14 00:42:49,-3.1431,-58.4442,77.09,80,74,2.57
187,Coihaique,CL,2022-07-14 00:40:37,-45.5752,-72.0662,31.95,86,75,3.44
188,Vestmannaeyjar,IS,2022-07-14 00:42:50,63.4427,-20.2734,49.75,79,100,12.03
189,Veraval,IN,2022-07-14 00:42:50,20.9,70.3667,80.51,90,100,12.55
190,Constitucion,CL,2022-07-14 00:42:50,-35.3333,-72.4167,43.65,92,100,10.18
191,Acarau,BR,2022-07-14 00:42:51,-2.8856,-40.12,78.94,81,14,14.97
192,Corcoran,US,2022-07-14 00:42:51,36.098,-119.5604,102.38,11,0,6.11
193,Kennebunk,US,2022-07-14 00:42:51,43.384,-70.5448,74.34,75,79,2.3
194,Saint Anthony,US,2022-07-14 00:42:52,45.0205,-93.218,77.72,64,0,11.5
195,Prince Rupert,CA,2022-07-14 00:42:52,54.3161,-130.3201,55.49,90,100,23.02
196,Sao Filipe,CV,2022-07-14 00:42:52,14.8961,-24.4956,73.83,82,28,9.78
197,Shirokiy,RU,2022-07-14 00:42:53,49.758,129.523,74.82,75,100,10.65
198,George,ZA,2022-07-14 00:42:53,-33.963,22.4617,56.75,58,20,12.66
199,Podgorica,ME,2022-07-14 00:42:53,42.4411,19.2636,73.18,33,0,10.36
200,Boguchany,RU,2022-07-14 00:42:54,58.3814,97.4531,58.03,80,12,4.45
201,Avera,US,2022-07-14 00:42:54,33.194,-82.5271,72.91,86,94,7.54
202,Bam,IR,2022-07-14 00:42:54,29.106,58.357,79.27,19,0,13.62
203,Olinda,BR,2022-07-14 00:40:40,-8.0089,-34.8553,76.73,83,40,8.05
204,Bambous Virieux,MU,2022-07-14 00:42:55,-20.3428,57.7575,68.25,83,75,14.97
205,Kodiak,US,2022-07-14 00:42:55,57.79,-152.4072,62.11,63,40,10.36
206,Meadow Lake,US,2022-07-14 00:42:55,34.8014,-106.5436,90.48,39,18,5.37
207,Tasiilaq,GL,2022-07-14 00:42:56,65.6145,-37.6368,37.26,79,3,6.04
208,Morehead,US,2022-07-14 00:42:56,37.2711,-87.1764,82.15,65,0,0.0
209,Havre-Saint-Pierre,CA,2022-07-14 00:42:57,50.2334,-63.5986,61.16,67,0,3.44
210,Shache,CN,2022-07-14 00:42:57,38.4167,77.2406,70.29,40,100,6.78
211,Zhigansk,RU,2022-07-14 00:42:57,66.7697,123.3711,66.38,76,97,10.27
212,Thompson,CA,2022-07-14 00:42:16,55.7435,-97.8558,80.76,39,0,11.5
213,Barrow,US,2022-07-14 00:42:58,71.2906,-156.7887,42.44,63,12,10.25
214,Camacha,PT,2022-07-14 00:42:58,33.0833,-16.3333,63.82,77,20,2.3
215,Marawi,PH,2022-07-14 00:42:58,7.9986,124.2928,79.25,67,12,1.28
216,Arona,ES,2022-07-14 00:42:59,28.0996,-16.681,71.91,42,0,5.75
217,Russell,US,2022-07-14 00:42:59,32.3502,-85.1999,81.68,84,100,4.94
218,Castrovillari,IT,2022-07-14 00:42:59,39.8203,16.2123,60.3,44,0,3.96
219,Bambanglipuro,ID,2022-07-14 00:43:00,-7.95,110.2833,78.49,84,99,4.83
220,Tokur,RU,2022-07-14 00:43:00,53.1333,132.9,72.61,52,5,3.87
221,Matay,EG,2022-07-14 00:43:00,28.419,30.7792,72.54,60,3,12.39
222,Mecca,SA,2022-07-14 00:43:01,21.4267,39.8261,84.2,49,40,5.17
223,Kirkwall,GB,2022-07-14 00:43:01,58.9848,-2.9587,51.96,93,100,6.91
224,Geraldton,AU,2022-07-14 00:43:01,-28.7667,114.6,59.41,94,100,10.36
225,Hualmay,PE,2022-07-14 00:43:01,-11.0964,-77.6139,60.93,83,12,12.21
226,Srandakan,ID,2022-07-14 00:44:02,-7.9386,110.2506,78.53,84,99,4.85
227,Longyearbyen,SJ,2022-07-14 00:44:03,78.2186,15.6401,49.84,87,75,14.97
228,Bereda,ES,2022-07-14 00:44:03,43.2686,-7.5406,75.42,56,88,1.95
229,Kokkola,FI,2022-07-14 00:44:04,63.8385,23.1307,63.93,99,40,4.61
230,Rio Claro,BR,2022-07-14 00:44:04,-22.4114,-47.5614,63.54,80,78,5.99
231,Hofn,IS,2022-07-14 00:44:05,64.2539,-15.2082,50.85,81,100,10.09
232,Mosalsk,RU,2022-07-14 00:44:05,54.4881,34.9817,53.78,91,100,5.95
233,Hirara,JP,2022-07-14 00:44:06,24.8,125.2833,87.66,79,75,16.11
234,Mehamn,NO,2022-07-14 00:44:06,71.0357,27.8492,57.15,100,75,4.61
235,Cabo San Lucas,MX,2022-07-14 00:40:53,22.8909,-109.9124,92.61,45,0,9.22
236,Birao,CF,2022-07-14 00:44:07,10.2849,22.7882,71.42,90,100,3.33
237,Ploemeur,FR,2022-07-14 00:44:08,47.7333,-3.4333,66.94,72,0,9.22
238,Pontian Kecil,MY,2022-07-14 00:44:08,1.4801,103.3899,79.12,82,100,0.65
239,Fairfield,US,2022-07-14 00:44:09,41.2668,-73.3162,81.1,64,0,12.66
240,Port Hedland,AU,2022-07-14 00:44:09,-20.3167,118.5667,64.45,34,0,13.8
241,Kapaa,US,2022-07-14 00:44:10,22.0752,-159.319,85.98,70,40,18.41
242,Nome,US,2022-07-14 00:44:10,64.5011,-165.4064,66.16,75,0,11.5
243,Pisco,PE,2022-07-14 00:44:10,-13.7,-76.2167,59.05,88,0,17.27
244,Conde,BR,2022-07-14 00:44:11,-7.2597,-34.9075,72.86,94,20,4.61
245,Muisne,EC,2022-07-14 00:44:11,0.6,-80.0333,74.43,86,99,10.2
246,Alofi,NU,2022-07-14 00:44:12,-19.0595,-169.9187,82.29,61,75,14.97
247,Puerto Varas,CL,2022-07-14 00:44:12,-41.3195,-72.9854,37.62,100,40,4.61
248,Fairbanks,US,2022-07-14 00:44:12,64.8378,-147.7164,67.23,57,75,11.5
249,Shubarkuduk,KZ,2022-07-14 00:41:19,49.1447,56.4872,78.28,30,6,9.64
250,Mao,ES,2022-07-14 00:44:13,39.8885,4.2658,75.76,83,0,3.44
251,Sakakah,SA,2022-07-14 00:44:14,29.9697,40.2064,90.97,24,2,13.02
252,Paita,PE,2022-07-14 00:44:14,-5.0892,-81.1144,64.53,82,15,16.53
253,Kavaratti,IN,2022-07-14 00:44:14,10.5669,72.642,81.48,81,100,20.22
254,Kuusamo,FI,2022-07-14 00:44:15,65.9667,29.1833,64.44,94,100,6.91
255,Dicabisagan,PH,2022-07-14 00:44:15,17.0818,122.4157,88.05,68,80,8.5
256,Clyde River,CA,2022-07-14 00:44:15,70.4692,-68.5914,37.63,93,0,12.66
257,Saint George,US,2022-07-14 00:43:29,37.1041,-113.5841,100.99,19,0,18.41
258,Solnechnyy,RU,2022-07-14 00:44:16,50.7214,136.6319,73.71,74,85,5.03
259,Fort Nelson,CA,2022-07-14 00:44:16,58.8053,-122.7002,62.19,45,75,0.0
260,Alta Floresta,BR,2022-07-14 00:44:17,-9.8756,-56.0861,73.22,68,0,0.0
261,Awjilah,LY,2022-07-14 00:44:17,29.1081,21.2869,78.37,42,0,14.83
262,Pitimbu,BR,2022-07-14 00:44:17,-7.4706,-34.8086,73.99,86,52,10.87
263,Brae,GB,2022-07-14 00:44:18,60.3964,-1.353,50.5,83,100,9.24
264,Zeya,RU,2022-07-14 00:44:18,53.75,127.2667,80.49,52,88,3.29
265,Valverde Del Camino,ES,2022-07-14 00:44:18,37.5751,-6.7543,76.03,24,25,2.01
266,Waipawa,NZ,2022-07-14 00:44:18,-41.4122,175.5153,48.52,79,100,5.41
267,Luderitz,NA,2022-07-14 00:44:19,-26.6481,15.1594,55.36,57,0,14.14
268,Kyabe,TD,2022-07-14 00:44:19,9.4515,18.9449,69.8,92,72,1.79
269,Kuching,MY,2022-07-14 00:44:19,1.55,110.3333,75.42,94,20,3.44
270,Irbit,RU,2022-07-14 00:44:20,57.6705,63.071,66.83,88,30,4.16
271,Pastavy,BY,2022-07-14 00:45:20,55.1168,26.8326,51.28,94,72,5.55
272,Nanortalik,GL,2022-07-14 00:45:21,60.1432,-45.2371,46.58,73,100,3.94
273,Conakry,GN,2022-07-14 00:45:21,9.538,-13.6773,79.07,82,100,7.07
274,Vardo,NO,2022-07-14 00:45:21,70.3705,31.1107,51.78,100,100,2.3
275,Port Moresby,PG,2022-07-14 00:45:22,-9.4431,147.1797,76.42,83,100,23.02
276,Chuy,UY,2022-07-14 00:45:22,-33.6971,-53.4616,46.0,86,0,9.55
277,Jalna,IN,2022-07-14 00:45:22,19.8333,75.8833,71.58,94,100,13.29
278,The Pas,CA,2022-07-14 00:45:23,53.8251,-101.2541,82.42,51,0,16.11
279,Waingapu,ID,2022-07-14 00:45:23,-9.6567,120.2641,78.3,62,58,13.27
280,Salalah,OM,2022-07-14 00:45:23,17.0151,54.0924,77.09,100,100,6.91
281,Najran,SA,2022-07-14 00:45:24,17.4924,44.1277,75.85,40,100,6.49
282,Cintalapa,MX,2022-07-14 00:45:24,16.6951,-93.7272,72.09,95,100,4.59
283,Stephenville,US,2022-07-14 00:45:24,32.2207,-98.2023,100.4,43,74,18.7
284,Praya,CV,2022-07-14 00:45:25,14.9215,-23.5087,75.74,73,20,14.97
285,Mudgee,AU,2022-07-14 00:45:25,-32.5943,149.5871,50.61,56,1,6.22
286,Cherskiy,RU,2022-07-14 00:45:26,68.75,161.3,55.58,46,18,18.63
287,Rensvik,NO,2022-07-14 00:45:27,63.1,7.8167,50.27,87,75,13.8
288,Narsaq,GL,2022-07-14 00:45:27,60.9167,-46.05,53.82,67,100,3.96
289,Neuquen,AR,2022-07-14 00:45:28,-38.9516,-68.0591,39.09,87,75,2.3
290,Manta,EC,2022-07-14 00:43:00,-0.95,-80.7333,71.38,83,75,9.22
291,Mascota,MX,2022-07-14 00:45:28,20.5167,-104.7833,71.31,97,100,3.6
292,Aklavik,CA,2022-07-14 00:45:28,68.2191,-135.0107,41.9,74,97,23.53
293,Uige,AO,2022-07-14 00:45:29,-7.6087,15.0613,60.87,79,5,2.15
294,Tono,JP,2022-07-14 00:45:29,39.3167,141.5333,70.63,80,100,3.76
295,Grand Forks,US,2022-07-14 00:41:00,47.9417,-97.4337,82.13,39,20,10.36
296,Victoria,HK,2022-07-14 00:41:18,22.2855,114.1577,87.24,85,93,3.0
297,Kolomna,RU,2022-07-14 00:45:30,55.0794,38.7783,59.31,75,100,3.67
298,Ponta Do Sol,PT,2022-07-14 00:45:30,32.6667,-17.1,70.0,76,24,3.83
299,Guerrero Negro,MX,2022-07-14 00:43:32,27.9769,-114.0611,68.9,74,0,21.03
300,Aksu,CN,2022-07-14 00:45:30,41.1231,80.2644,74.25,36,100,2.71
301,Chapais,CA,2022-07-14 00:45:31,49.7834,-74.8492,62.38,70,98,2.68
302,Honningsvag,NO,2022-07-14 00:45:31,70.9821,25.9704,55.15,94,100,2.3
303,Athabasca,CA,2022-07-14 00:45:31,54.7169,-113.2854,64.81,81,98,4.29
304,Jaru,BR,2022-07-14 00:45:32,-10.4389,-62.4664,77.13,50,52,1.57
305,Snezhnogorsk,RU,2022-07-14 00:45:32,69.1933,33.2531,62.38,97,83,1.74
306,Lucapa,AO,2022-07-14 00:45:32,-8.4192,20.7447,62.76,39,0,4.52
307,Espinosa,BR,2022-07-14 00:45:33,-14.9261,-42.8192,69.46,52,99,4.83
308,Plettenberg Bay,ZA,2022-07-14 00:45:33,-34.0527,23.3716,58.87,49,82,9.1
309,Xining,CN,2022-07-14 00:42:35,36.6167,101.7667,65.98,67,100,2.26
310,Qasigiannguit,GL,2022-07-14 00:45:33,68.8193,-51.1922,46.65,92,100,4.25
311,Pyu,MM,2022-07-14 00:45:34,18.4833,96.4333,77.13,93,96,4.81
312,Nioro,GM,2022-07-14 00:45:34,13.35,-15.75,78.57,85,100,4.81
313,Kushima,JP,2022-07-14 00:45:34,31.4583,131.2333,87.49,64,44,8.72
314,Mufulira,ZM,2022-07-14 00:45:35,-12.5498,28.2407,52.45,78,1,4.5
315,Papetoai,PF,2022-07-14 00:45:35,-17.4961,-149.8729,81.99,68,61,18.97
316,Adra,ES,2022-07-14 00:45:35,36.7496,-3.0206,80.38,63,0,0.54
317,San Matias,BO,2022-07-14 00:46:36,-16.3667,-58.4,76.19,43,6,6.46
318,Paamiut,GL,2022-07-14 00:46:36,61.994,-49.6678,40.51,91,100,13.67
319,Belgrade,RS,2022-07-14 00:45:03,44.804,20.4651,65.86,55,0,5.75
320,Basoko,CD,2022-07-14 00:46:36,1.2391,23.616,71.89,92,84,2.48
321,Antofagasta,CL,2022-07-14 00:46:37,-23.65,-70.4,60.08,76,93,1.28
322,Bay Roberts,CA,2022-07-14 00:42:58,47.5999,-53.2648,67.75,90,86,7.0
323,Batticaloa,LK,2022-07-14 00:46:37,7.7102,81.6924,79.21,65,16,8.08
324,Gashua,NG,2022-07-14 00:46:38,12.871,11.0482,83.12,60,94,15.28
325,Lakeville,US,2022-07-14 00:41:40,44.6497,-93.2427,77.63,60,0,6.91
326,Turka,UA,2022-07-14 00:46:38,49.1541,23.0297,61.14,91,93,3.94
327,Makakilo City,US,2022-07-14 00:46:38,21.3469,-158.0858,86.32,61,75,18.41
328,Fryazino,RU,2022-07-14 00:46:39,55.9606,38.0456,58.41,80,60,4.38
329,Ilulissat,GL,2022-07-14 00:46:39,69.2167,-51.1,46.42,81,71,4.61
330,Ancud,CL,2022-07-14 00:46:39,-41.8697,-73.8203,41.23,88,100,12.26
331,Masindi,UG,2022-07-14 00:46:40,1.6744,31.715,64.26,74,100,2.98
332,Dingle,PH,2022-07-14 00:46:40,10.9995,122.6711,83.43,79,70,4.83
333,Ishigaki,JP,2022-07-14 00:46:40,24.3448,124.1572,87.93,84,75,14.97
334,Kununurra,AU,2022-07-14 00:45:03,-15.7667,128.7333,67.98,26,12,17.27
335,Gushikawa,JP,2022-07-14 00:46:41,26.3544,127.8686,87.03,83,100,8.21
336,Constantine,DZ,2022-07-14 00:46:41,36.365,6.6147,67.41,68,0,2.3
337,Laguna,US,2022-07-14 00:46:41,38.421,-121.4238,97.75,28,0,8.05
338,La Ronge,CA,2022-07-14 00:46:42,55.1001,-105.2842,86.22,32,75,19.57
339,Mackay,AU,2022-07-14 00:46:42,-21.15,149.2,62.69,48,0,14.65
340,Ciudad Bolivar,VE,2022-07-14 00:46:42,8.1222,-63.5497,78.26,77,100,11.81
341,Katangli,RU,2022-07-14 00:46:43,51.7102,143.2326,57.56,85,86,14.14
342,Tchamba,TG,2022-07-14 00:46:43,9.0333,1.4167,77.23,98,100,2.01
343,Vanavara,RU,2022-07-14 00:46:43,60.34,102.2797,57.72,59,100,6.11
344,Liverpool,GB,2022-07-14 00:46:44,53.4106,-2.9779,58.82,80,0,6.91
345,Lyuban,BY,2022-07-14 00:46:44,52.7985,28.0048,51.69,95,85,6.89
346,Humaita,BR,2022-07-14 00:46:44,-7.5061,-63.0208,77.25,61,38,0.49
347,Ballina,AU,2022-07-14 00:46:45,-28.8667,153.5667,60.01,65,95,19.28
348,Mirador,BR,2022-07-14 00:46:45,-6.3708,-44.3631,80.83,47,13,7.45
349,Hailar,CN,2022-07-14 00:46:45,49.2,119.7,64.42,87,100,5.97
350,Atar,MR,2022-07-14 00:46:46,20.5169,-13.0499,92.48,32,0,8.3
351,Oskemen,KZ,2022-07-14 00:46:46,49.9565,82.6119,57.16,67,21,6.71
352,Jiexiu,CN,2022-07-14 00:46:46,37.0244,111.9125,79.5,67,100,2.98
353,Anadyr,RU,2022-07-14 00:46:46,64.75,177.4833,57.7,82,75,4.47
354,Imbituba,BR,2022-07-14 00:46:47,-28.24,-48.6703,62.85,84,17,5.01
355,Staraya Poltavka,RU,2022-07-14 00:46:47,50.4772,46.4814,73.38,65,100,5.26
356,Brusque,BR,2022-07-14 00:46:47,-27.0981,-48.9175,60.57,87,100,0.45
357,Tres Arroyos,AR,2022-07-14 00:46:48,-38.3739,-60.2798,45.43,58,100,5.79
358,Angoram,PG,2022-07-14 00:46:48,-4.0625,144.0661,87.71,64,100,1.12
359,Bosansko Grahovo,BA,2022-07-14 00:46:49,44.1794,16.3639,54.54,57,6,4.81
360,Aykhal,RU,2022-07-14 00:46:49,66.0,111.5,52.92,64,100,7.96
361,Coahuayana,MX,2022-07-14 00:46:49,18.7333,-103.6833,81.75,83,100,3.87
362,Chulumani,BO,2022-07-14 00:46:49,-16.4096,-67.5263,62.29,96,100,1.41
363,Durant,US,2022-07-14 00:46:50,33.994,-96.3708,98.96,35,3,9.06
364,Broken Hill,AU,2022-07-14 00:46:50,-31.95,141.4333,49.17,59,0,8.16
365,Naze,JP,2022-07-14 00:46:50,28.3667,129.4833,85.12,76,97,10.25
366,Roald,NO,2022-07-14 00:47:51,62.5833,6.1333,55.17,87,75,9.22
367,Fomboni,KM,2022-07-14 00:47:51,-12.28,43.7425,77.7,73,0,16.84
368,Semey,KZ,2022-07-14 00:47:51,50.4111,80.2275,61.02,55,0,4.47
369,Novoagansk,RU,2022-07-14 00:47:52,61.9449,76.6625,57.27,62,100,4.07
370,Vao,NC,2022-07-14 00:47:52,-22.6667,167.4833,71.87,73,95,29.46
371,Roma,US,2022-07-14 00:47:52,43.2128,-75.4557,68.72,92,54,1.01
372,Bundoran,IE,2022-07-14 00:47:53,54.4778,-8.2809,55.26,88,100,10.42
373,Cap Malheureux,MU,2022-07-14 00:47:53,-19.9842,57.6142,65.46,88,99,5.01
374,Vega De Alatorre,MX,2022-07-14 00:47:53,20.0333,-96.6333,83.35,78,75,12.19
375,Touros,BR,2022-07-14 00:47:54,-5.1989,-35.4608,74.86,88,40,12.03
376,Utete,TZ,2022-07-14 00:47:54,-7.986,38.758,74.61,72,100,3.78
377,Yerbogachen,RU,2022-07-14 00:47:54,61.2767,108.0108,60.66,51,100,5.06
378,Vila Franca Do Campo,PT,2022-07-14 00:47:55,37.7167,-25.4333,68.2,87,100,10.27
379,Alice Town,BS,2022-07-14 00:47:55,25.7167,-79.3,85.21,70,5,8.37
380,Caravelas,BR,2022-07-14 00:47:55,-17.7125,-39.2481,70.25,92,6,4.29
381,Akdepe,TM,2022-07-14 00:47:56,42.0551,59.3788,77.09,26,0,10.09
382,Unguia,CO,2022-07-14 00:47:56,8.0434,-77.0945,82.42,97,100,0.94
383,Mercedes,AR,2022-07-14 00:47:56,-34.6515,-59.4307,48.04,77,24,8.25
384,Diamantino,BR,2022-07-14 00:47:57,-14.4086,-56.4461,73.31,41,99,4.27
385,Southbridge,US,2022-07-14 00:47:23,42.0751,-72.0334,77.52,78,11,1.63
386,Tromso,NO,2022-07-14 00:43:23,69.6496,18.957,53.62,87,75,4.61
387,Sao Felix Do Xingu,BR,2022-07-14 00:47:57,-6.6447,-51.995,80.44,47,99,1.41
388,Luau,AO,2022-07-14 00:47:58,-10.7073,22.2247,56.5,49,0,4.97
389,Sao Jose Da Coroa Grande,BR,2022-07-14 00:47:58,-8.8978,-35.1478,74.79,83,5,8.48
390,Carutapera,BR,2022-07-14 00:47:58,-1.195,-46.02,76.48,88,72,7.67
391,Kaitangata,NZ,2022-07-14 00:47:59,-46.2817,169.8464,46.09,85,96,9.08
392,Poitiers,FR,2022-07-14 00:47:59,46.5833,0.3333,66.61,59,0,3.44
393,Moberly,US,2022-07-14 00:47:59,39.4184,-92.4382,85.93,53,0,4.61
394,Qaqortoq,GL,2022-07-14 00:48:00,60.7167,-46.0333,46.11,71,100,4.97
395,Terme,TR,2022-07-14 00:48:00,41.2092,36.9739,69.73,83,20,7.25
396,Koungou,YT,2022-07-14 00:48:00,-12.7336,45.2042,78.51,78,75,17.27
397,Malinyi,TZ,2022-07-14 00:48:01,-8.9333,36.1333,63.03,69,0,1.32
398,Pakxan,LA,2022-07-14 00:48:01,18.3778,103.6601,78.78,90,100,2.84
399,Namibe,AO,2022-07-14 00:48:01,-15.1961,12.1522,62.26,90,0,1.48
400,Tandalti,SD,2022-07-14 00:48:02,13.0167,31.8667,79.54,65,99,9.86
401,Santiago,CL,2022-07-14 00:45:01,-33.4569,-70.6483,52.86,77,75,3.44
402,Clausthal-Zellerfeld,DE,2022-07-14 00:43:30,51.8,10.3333,59.34,81,100,3.33
403,Kaeo,NZ,2022-07-14 00:48:02,-35.1,173.7833,57.33,97,100,11.97
404,Takaka,NZ,2022-07-14 00:48:02,-40.85,172.8,57.56,62,100,1.7
405,Baruun-Urt,MN,2022-07-14 00:48:03,46.6806,113.2792,71.67,43,1,10.29
406,Asau,RO,2022-07-14 00:48:03,46.4333,26.4,58.28,61,56,6.4
407,Petrovsk,RU,2022-07-14 00:48:03,52.3064,45.3917,61.29,97,100,1.59
408,Vanimo,PG,2022-07-14 00:48:04,-2.6741,141.3028,83.66,72,100,2.53
409,Shoreline,US,2022-07-14 00:48:04,47.7557,-122.3415,79.0,49,0,8.01
410,Cayenne,GF,2022-07-14 00:47:01,4.9333,-52.3333,81.09,1,0,2.3
411,Bairnsdale,AU,2022-07-14 00:48:05,-37.8333,147.6167,51.06,75,99,1.01
412,Hengshui,CN,2022-07-14 00:48:05,37.7322,115.7011,84.33,65,100,0.76
413,Opuwo,NA,2022-07-14 00:49:05,-18.0607,13.84,57.97,39,0,6.91
414,Iqaluit,CA,2022-07-14 00:49:06,63.7506,-68.5145,42.53,81,75,11.5
415,Nyurba,RU,2022-07-14 00:49:06,63.2842,118.3319,67.55,63,22,5.08
416,Flinders,AU,2022-07-14 00:49:06,-34.5833,150.8552,54.68,75,100,11.99
417,Kieta,PG,2022-07-14 00:49:07,-6.2167,155.6333,85.95,67,76,7.16
418,Tornio,FI,2022-07-14 00:49:07,65.8481,24.1466,60.82,93,100,3.47
419,Salvacion,PH,2022-07-14 00:49:08,7.9833,126.1333,84.31,69,6,0.89
420,Gouyave,GD,2022-07-14 00:49:08,12.1646,-61.7296,77.77,83,20,5.75
421,Alappuzha,IN,2022-07-14 00:49:08,9.49,76.3264,78.01,84,100,16.51
422,Villacarrillo,ES,2022-07-14 00:49:09,38.1156,-3.0848,75.97,26,0,4.41
423,Santa Cruz De La Palma,ES,2022-07-14 00:49:09,28.6835,-17.7642,69.94,73,0,1.14
424,Bonavista,CA,2022-07-14 00:49:09,48.6499,-53.1147,59.58,91,100,16.42
425,Safaga,EG,2022-07-14 00:49:10,26.7292,33.9365,85.5,40,20,17.87
426,Aranos,NA,2022-07-14 00:49:10,-24.1333,19.1167,53.31,33,0,5.61
427,Dzhebariki-Khaya,RU,2022-07-14 00:49:10,62.2167,135.8,77.85,54,47,3.0
428,Antonovo,BG,2022-07-14 00:49:11,43.15,26.1667,47.17,52,2,4.09
429,Lesogorskiy,RU,2022-07-14 00:49:11,61.0455,28.9294,61.63,74,97,5.53
430,Okhotsk,RU,2022-07-14 00:49:11,59.3833,143.3,67.05,82,99,4.83
431,Mayya,RU,2022-07-14 00:49:12,61.7333,130.2811,76.32,57,100,4.65
432,Cairns,AU,2022-07-14 00:48:12,-16.9167,145.7667,71.11,45,8,19.57
433,Minab,IR,2022-07-14 00:49:12,27.1467,57.0801,91.74,57,30,2.91
434,Pankrushikha,RU,2022-07-14 00:49:12,53.8319,80.3406,56.66,68,37,3.85
435,Souillac,MU,2022-07-14 00:49:13,-20.5167,57.5167,68.38,83,75,14.97
436,Los Algarrobos,PA,2022-07-14 00:49:13,8.5,-82.4333,72.01,94,100,2.3
437,Lima,PE,2022-07-14 00:46:49,-12.0432,-77.0282,60.91,82,40,13.8
438,Milledgeville,US,2022-07-14 00:47:16,33.0801,-83.2321,73.54,96,40,0.0
439,Urumqi,CN,2022-07-14 00:49:14,43.801,87.6005,74.35,33,0,4.47
440,Moose Factory,CA,2022-07-14 00:49:14,51.2585,-80.6094,62.6,67,0,5.75
441,The Valley,AI,2022-07-14 00:49:14,18.217,-63.0578,82.81,73,100,20.27
442,Obodivka,UA,2022-07-14 00:49:15,48.4051,29.2477,55.45,93,3,11.23
443,Ust-Uda,RU,2022-07-14 00:49:15,54.1742,103.0304,55.87,95,100,8.59
444,Matara,LK,2022-07-14 00:49:15,5.9485,80.5353,77.81,85,19,12.82
445,Turukhansk,RU,2022-07-14 00:49:16,65.8167,87.9833,55.4,60,98,4.38
446,Northam,GB,2022-07-14 00:49:16,51.0333,-4.2167,58.6,82,20,12.15
447,Pachora,IN,2022-07-14 00:49:16,20.6667,75.35,75.31,91,100,6.38
448,Port Blair,IN,2022-07-14 00:49:17,11.6667,92.75,80.64,89,100,8.05
449,Mtwango,TZ,2022-07-14 00:49:17,-9.0167,34.8,47.86,85,5,6.8
450,Opunake,NZ,2022-07-14 00:49:17,-39.4556,173.8583,52.63,67,90,5.08
451,Puerto Escondido,MX,2022-07-14 00:46:20,15.85,-97.0667,81.19,80,100,1.34
452,Yanam,IN,2022-07-14 00:49:18,16.7333,82.2167,74.43,88,100,11.1
453,Fayaoue,NC,2022-07-14 00:49:18,-20.65,166.5333,75.61,75,98,13.78
454,Porto Empedocle,IT,2022-07-14 00:49:18,37.2934,13.5264,67.32,78,0,2.08
455,Sangar,RU,2022-07-14 00:49:19,63.9242,127.4739,68.74,71,100,7.63
456,Luanda,AO,2022-07-14 00:49:19,-8.8368,13.2343,68.77,88,98,5.44
457,Nsanje,MW,2022-07-14 00:49:19,-16.92,35.262,63.41,81,74,2.19
458,Santa Rosa,PH,2022-07-14 00:50:20,14.3122,121.1114,88.11,76,100,2.13
459,Trofors,NO,2022-07-14 00:50:20,65.5333,13.4063,49.87,86,100,3.51
460,Lere,NG,2022-07-14 00:50:20,10.387,8.5726,68.95,96,100,4.41
461,Ust-Tsilma,RU,2022-07-14 00:50:21,65.441,52.1498,69.96,64,50,2.98
462,Malinovoye Ozero,RU,2022-07-14 00:50:21,51.6753,79.7825,60.46,54,100,3.91
463,Mareeba,AU,2022-07-14 00:50:21,-17.0,145.4333,66.49,45,9,4.65
464,Atasu,KZ,2022-07-14 00:50:22,48.6814,71.6433,68.56,43,0,4.92
465,Carndonagh,IE,2022-07-14 00:50:22,55.25,-7.2667,53.1,91,100,6.8
466,Fortuna Foothills,US,2022-07-14 00:50:22,32.6578,-114.4119,109.22,25,0,11.5
467,Necochea,AR,2022-07-14 00:50:23,-38.5473,-58.7368,47.95,59,100,7.4
468,Shieli,KZ,2022-07-14 00:50:23,44.1667,66.75,77.52,24,0,12.24
469,Natal,BR,2022-07-14 00:48:16,-5.795,-35.2094,77.22,83,0,5.75
470,Rzhev,RU,2022-07-14 00:50:23,56.2624,34.3282,52.34,87,45,3.74
471,Hauterive,FR,2022-07-14 00:50:24,46.0901,3.4459,68.76,53,93,4.25
472,Mahibadhoo,MV,2022-07-14 00:50:24,3.7833,72.9667,81.75,77,100,13.76
473,Belomorsk,RU,2022-07-14 00:50:24,64.5232,34.7668,65.07,70,100,4.65
474,Salinopolis,BR,2022-07-14 00:46:30,-0.6136,-47.3561,77.76,89,85,12.8
475,Namatanai,PG,2022-07-14 00:50:25,-3.6667,152.4333,83.71,73,97,6.55
476,Saint-Leu,RE,2022-07-14 00:50:25,-21.15,55.2833,66.31,64,35,2.39
477,Tiarei,PF,2022-07-14 00:50:25,-17.5333,-149.3333,82.42,71,48,19.66
478,Chernushka,RU,2022-07-14 00:50:26,56.5072,56.0766,67.28,92,100,3.38
479,Turayf,SA,2022-07-14 00:50:26,31.6725,38.6637,75.45,50,0,11.5
480,Kalabo,ZM,2022-07-14 00:50:26,-14.97,22.6814,51.62,65,0,5.91
481,Santa Isabel Do Rio Negro,BR,2022-07-14 00:50:27,-0.4139,-65.0192,73.71,97,100,2.77
482,Chunskiy,RU,2022-07-14 00:50:27,56.0815,99.6342,58.8,72,97,6.82
483,San Vicente,AR,2022-07-14 00:50:27,-26.6167,-54.1333,54.57,93,70,3.36
484,Sladkovo,RU,2022-07-14 00:50:28,55.5284,70.3385,64.26,81,0,6.08
485,Colombia,CU,2022-07-14 00:50:28,20.9881,-77.4297,77.79,87,0,11.34
486,Caldas Novas,BR,2022-07-14 00:50:28,-17.7417,-48.625,65.21,47,6,4.97
487,Vera Cruz,BR,2022-07-14 00:50:29,-12.6333,-41.0333,71.17,60,60,6.04
488,Petropavlovsk-Kamchatskiy,RU,2022-07-14 00:50:29,53.0452,158.6483,66.79,73,75,11.18
489,Debre Sina,ET,2022-07-14 00:50:29,9.85,39.7667,56.98,72,98,4.38
490,Luebo,CD,2022-07-14 00:50:30,-5.35,21.4167,69.66,42,44,1.81
491,Lavrentiya,RU,2022-07-14 00:50:30,65.5833,-171.0,53.08,68,14,8.99
492,Xuddur,SO,2022-07-14 00:50:30,4.1213,43.8894,70.95,82,100,19.95
493,Butembo,CD,2022-07-14 00:50:31,0.15,29.2833,56.62,81,100,2.73
494,Zorgo,BF,2022-07-14 00:50:31,12.2489,-0.6158,82.78,61,100,7.78
495,Sivas,TR,2022-07-14 00:50:31,39.7916,37.0019,52.16,92,0,4.14
496,Kamiiso,JP,2022-07-14 00:50:32,41.8167,140.65,71.98,78,75,12.66
497,Huarmey,PE,2022-07-14 00:50:32,-10.0681,-78.1522,61.84,84,85,11.9
498,Ratnagiri,IN,2022-07-14 00:50:32,16.9833,73.3,79.72,85,100,21.09
499,Axim,GH,2022-07-14 00:50:33,4.8699,-2.2405,75.33,84,100,10.27
500,Karabash,RU,2022-07-14 00:50:33,55.4808,60.2157,63.48,92,5,2.44
501,Benavente,ES,2022-07-14 00:50:33,42.0025,-5.6783,77.83,36,69,8.25
502,Ledyard,US,2022-07-14 00:50:25,41.4398,-72.0142,77.31,69,0,0.0
503,Nemuro,JP,2022-07-14 00:50:34,43.3236,145.575,60.67,93,100,8.41
504,Sayyan,YE,2022-07-14 00:50:34,15.1718,44.3244,62.15,63,100,7.52
505,Troitskoye,RU,2022-07-14 00:50:34,52.9821,84.6757,54.52,67,97,4.32
506,Rio Gallegos,AR,2022-07-14 00:51:35,-51.6226,-69.2181,33.85,80,100,12.66
507,Husavik,IS,2022-07-14 00:51:35,66.0449,-17.3389,48.29,70,100,6.35
508,Saint-Georges,GD,2022-07-14 00:51:35,12.0564,-61.7485,78.48,83,20,5.75
509,Tazovskiy,RU,2022-07-14 00:51:36,67.4667,78.7,51.93,64,8,6.4
510,Mukhen,RU,2022-07-14 00:51:36,48.1,136.1,75.42,79,85,2.28
511,Yanliang,CN,2022-07-14 00:51:36,34.6592,109.2292,81.45,80,100,0.78
512,Diapaga,BF,2022-07-14 00:51:37,12.0708,1.7889,77.07,79,100,5.73
513,Cacapava Do Sul,BR,2022-07-14 00:51:37,-30.5122,-53.4914,41.11,94,0,4.07
514,Pevek,RU,2022-07-14 00:51:37,69.7008,170.3133,38.32,81,100,10.78
515,Dudinka,RU,2022-07-14 00:51:38,69.4058,86.1778,56.62,57,26,7.87
516,Port Hardy,CA,2022-07-14 00:51:38,50.6996,-127.4199,60.98,77,100,6.91
517,Khrebtovaya,RU,2022-07-14 00:51:38,56.7032,104.2494,54.36,97,100,1.77
518,Marienburg,PL,2022-07-14 00:51:39,54.0359,19.0266,64.11,91,2,10.11
519,Abilene,US,2022-07-14 00:51:39,32.4487,-99.7331,104.22,21,40,11.5
520,Takhtamygda,RU,2022-07-14 00:51:39,54.1,123.5667,72.9,70,100,2.62
521,Swakopmund,NA,2022-07-14 00:51:40,-22.6833,14.5333,53.98,88,0,1.99
522,Taua,BR,2022-07-14 00:51:40,-5.9667,-40.3,76.12,55,11,7.34
523,Gorontalo,ID,2022-07-14 00:51:40,0.5412,123.0595,81.3,84,69,0.65
524,Wajima,JP,2022-07-14 00:51:41,37.4,136.9,79.48,88,75,5.75
525,Buchanan,LR,2022-07-14 00:51:41,5.8808,-10.0467,75.92,87,100,8.75
526,Sao Gabriel Da Cachoeira,BR,2022-07-14 00:51:41,-0.1303,-67.0892,72.25,99,100,1.61
527,Sisimiut,GL,2022-07-14 00:51:42,66.9395,-53.6735,46.13,82,83,4.88
528,Tura,IN,2022-07-14 00:48:38,25.5198,90.2201,78.4,92,92,2.95
529,Kruisfontein,ZA,2022-07-14 00:51:42,-34.0033,24.7314,51.66,60,0,8.55
530,Cody,US,2022-07-14 00:51:42,44.5263,-109.0565,86.2,36,0,10.36
531,Gornopravdinsk,RU,2022-07-14 00:51:43,60.05,69.9,64.11,88,89,5.61
532,Metro,ID,2022-07-14 00:51:43,-5.1131,105.3067,78.35,87,91,3.56
533,Fukue,JP,2022-07-14 00:51:43,32.6881,128.8419,84.56,84,75,13.8
534,Sola,VU,2022-07-14 00:51:44,-13.8833,167.55,86.67,70,20,4.61
535,Rundu,NA,2022-07-14 00:51:44,-17.9333,19.7667,51.84,48,0,5.06
536,Balykshi,KZ,2022-07-14 00:51:44,47.0667,51.8667,87.8,29,0,13.42
537,Padang,ID,2022-07-14 00:51:45,-0.9492,100.3543,78.85,79,58,2.55
538,Bria,CF,2022-07-14 00:51:45,6.5423,21.9863,67.78,97,99,0.65
539,Baghmara,IN,2022-07-14 00:51:45,23.795,86.2085,80.6,81,39,13.78
540,Lubao,PH,2022-07-14 00:51:46,14.9167,120.55,85.71,74,100,4.14
541,Abha,SA,2022-07-14 00:51:46,18.2164,42.5053,64.65,77,75,0.0
542,Ovalle,CL,2022-07-14 00:48:35,-30.5983,-71.2003,53.38,81,100,4.59
543,Alto Araguaia,BR,2022-07-14 00:51:46,-17.3147,-53.2153,68.23,41,99,3.98
544,Riyadh,SA,2022-07-14 00:51:47,24.6877,46.7219,89.74,11,42,10.2
545,Sorong,ID,2022-07-14 00:51:47,-0.8833,131.25,81.16,81,23,8.81
546,Moerai,PF,2022-07-14 00:51:47,-22.4333,-151.3333,71.29,63,3,17.02
547,Marsh Harbour,BS,2022-07-14 00:51:48,26.5412,-77.0636,83.17,76,100,11.95
548,Half Moon Bay,US,2022-07-14 00:51:48,37.4636,-122.4286,81.54,74,20,20.71
549,Gat,IL,2022-07-14 00:51:48,31.61,34.7642,74.08,100,3,2.95
550,Acapulco,MX,2022-07-14 00:51:39,16.8634,-99.8901,81.07,82,97,3.69
551,Vila Velha,BR,2022-07-14 00:52:49,-20.3297,-40.2925,73.35,86,0,6.91
552,Adeje,ES,2022-07-14 00:52:49,28.1227,-16.726,74.1,40,0,5.75
553,Gundlupet,IN,2022-07-14 00:52:50,11.8,76.6833,67.24,86,100,15.26
554,Banjar,ID,2022-07-14 00:52:50,-8.19,114.9675,80.98,75,56,0.85
555,Bossangoa,CF,2022-07-14 00:52:50,6.4926,17.4552,68.54,98,100,3.62
556,Nizhniy Kuranakh,RU,2022-07-14 00:52:51,58.8353,125.4869,65.66,88,100,1.45
557,Donskoye,RU,2022-07-14 00:52:51,45.4552,41.9741,71.73,88,10,6.55
558,Bilibino,RU,2022-07-14 00:52:51,68.0546,166.4372,66.36,37,84,10.58
559,Lusaka,ZM,2022-07-14 00:52:52,-15.4067,28.2871,54.34,69,6,6.4
560,Buala,SB,2022-07-14 00:52:52,-8.145,159.5921,85.33,60,48,5.08
561,Rafaela,AR,2022-07-14 00:52:52,-31.2503,-61.4867,53.01,51,0,3.0
562,Pandan,PH,2022-07-14 00:52:53,14.0453,124.1694,86.67,69,68,5.64
563,Nalut,LY,2022-07-14 00:52:53,30.3333,10.85,77.4,30,0,12.44
564,Livingston,GB,2022-07-14 00:47:58,55.9029,-3.5226,55.27,83,0,6.91
565,Chopovychi,UA,2022-07-14 00:52:53,50.8332,28.9533,53.37,97,34,9.75
566,Vila Do Maio,CV,2022-07-14 00:52:54,15.1333,-23.2167,75.99,81,16,14.36
567,Khasan,RU,2022-07-14 00:52:54,42.4308,130.6434,64.04,99,100,7.27
568,Marshall,US,2022-07-14 00:52:54,34.3834,-86.3333,80.91,71,0,0.0
569,Praia,CV,2022-07-14 00:52:55,14.9215,-23.5087,75.74,73,20,14.97
570,Adelaide,AU,2022-07-14 00:52:37,-34.9333,138.6,54.91,75,100,5.75
